1,Marysville
2,Perris
3,Cleveland
4,Worcester
5,Columbia
6,Waterbury
7,Eagan
8,Southfield
9,Lafayette
10,Boise City
11,Elkhart
12,Buena Park
13,Marietta
14,Parker
15,West Palm Beach
16,Salem
17,Aurora
18,Leesburg
19,Doral
20,Westminster
21,Lubbock
22,Overland Park
23,Jackson
24,Gastonia
25,Daytona Beach
26,Kansas City
27,Rancho Palos Verdes
28,Burnsville
29,Rowlett
30,Roswell
31,Montgomery
32,Logan
33,Woburn
34,Allentown
35,Mount Pleasant
36,Columbus
37,Buffalo
38,New Berlin
39,North Richland Hills
40,Lima
41,Sacramento
42,Fort Smith
43,East Providence
44,Urbandale
45,Mount Vernon
46,Lakewood
47,Henderson
48,Covina
49,Stamford
50,Bloomington
51,Kingsport
52,Spokane
53,Kennewick
54,Philadelphia
55,Bellingham
56,Visalia
57,La Crosse
58,Council Bluffs
59,North Lauderdale
60,Dallas
61,Antioch
62,Sterling Heights
63,Deerfield Beach
64,Fishers
65,Cheyenne
66,Murrieta
67,Lenexa
68,Noblesville
69,Southaven
70,Chino
71,Gaithersburg
72,Fountain Valley
73,Frederick
74,Greenville
75,DeKalb
76,West Allis
77,Thornton
78,West Des Moines
79,Fall River
80,Tulare
81,Chula Vista
82,Coral Springs
83,Concord
84,Smyrna
85,Apopka
86,Grand Forks
87,Lancaster
88,Naperville
89,Hollywood
90,Rogers
91,New Orleans
92,Lakewood
93,Oak Lawn
94,Caldwell
95,Portland
96,Concord
97,Burien
98,St. Charles
99,Waukesha
100,Flagstaff
101,Puyallup
102,Schenectady
103,Denver
104,Springfield
105,Campbell
106,Moreno Valley
107,Kettering
108,Lincoln Park
109,Lake Havasu City
110,North Little Rock
111,Reno
112,Littleton
113,Prescott
114,Dublin
115,Texarkana
116,Portland
117,Brooklyn Park
118,West Haven
119,El Centro
120,The Colony
121,Flint
122,Pittsburg
123,Buckeye
124,Brea
125,Indio
126,Scottsdale
127,Columbus
128,Lancaster
129,Lincoln
130,Trenton
131,Boston
132,Glendora
133,Rochester
134,Florissant
135,Annapolis
136,Chapel Hill
137,Lawrence
138,Calexico
139,Calumet City
140,Missoula
141,Clovis
142,Pearland
143,Gilbert
144,Wausau
145,Raleigh
146,Orange
147,Walnut Creek
148,Bremerton
149,Porterville
150,Marana
151,Tallahassee
152,Conroe
153,Blacksburg
154,San Antonio
155,Hartford
156,Waterloo
157,Binghamton
158,Meridian
159,Fond du Lac
160,Baytown
161,Cary
162,Weymouth Town
163,Tulsa
164,Mission
165,Cuyahoga Falls
166,Napa
167,Aurora
168,Duluth
169,Roanoke
170,Bend
171,Apple Valley
172,Waltham
173,Fort Myers
174,Tampa
175,Upland
176,Danville
177,Beloit
178,Plantation
179,Colorado Springs
180,Modesto
181,Grand Rapids
182,Oak Park
183,Sarasota
184,Jurupa Valley
185,Bellflower
186,Boulder
187,Santa Fe
188,Coachella
189,Marlborough
190,Riverside
191,Palmdale
192,Novato
193,Layton
194,Bolingbrook
195,Mission Viejo
196,Glenview
197,Lincoln
198,Malden
199,Allen
200,Tucson
201,Franklin
202,Shakopee
203,Jacksonville
204,Atlantic City
205,Erie
206,Merced
207,Abilene
208,Yorba Linda
209,Greenville
210,Huntersville
211,St. Clair Shores
212,Harrisburg
213,San Buenaventura (Ventura)
214,Fremont
215,Pueblo
216,Chelsea
217,Belleville
218,Minneapolis
219,Bartlett
220,Wichita Falls
221,Missouri City
222,St. Louis
223,Pharr
224,Albuquerque
225,Athens-Clarke County
226,South Jordan
227,North Las Vegas
228,Pomona
229,Eastvale
230,Grove City
231,Lawrence
232,Midland
233,Oklahoma City
234,Oro Valley
235,Mesa
236,Norwalk
237,Kentwood
238,Brookfield
239,Rockwall
240,Mishawaka
241,Tustin
242,St. Cloud
243,Passaic
244,Escondido
245,San Bruno
246,Berkeley
247,San Clemente
248,Lawton
249,Eau Claire
250,Maricopa
251,DeSoto
252,Fort Wayne
253,Shoreline
254,Medford
255,La Habra
256,Albany
257,Daly City
258,Taylor
259,Coon Rapids
260,San Mateo
261,Orlando
262,Casper
263,Bedford
264,Wilmington
265,Pinellas Park
266,North Miami Beach
267,Kansas City
268,Fitchburg
269,Wheeling
270,Newton
271,North Miami
272,Norwich
273,Newark
274,Alexandria
275,Blaine
276,Harlingen
277,Lompoc
278,Denton
279,Galveston
280,Greenwood
281,Salinas
282,Miami Gardens
283,Huntington
284,Laredo
285,Melbourne
286,Haltom City
287,Palm Bay
288,Wilson
289,Bountiful
290,Ceres
291,Parma
292,Rapid City
293,Bell Gardens
294,Commerce City
295,Springfield
296,Fort Collins
297,San Leandro
298,Vista
299,Yonkers
300,Cincinnati
301,Hagerstown
302,Sanford
303,Union City
304,Toledo
305,Sierra Vista
306,Newport News
307,Hammond
308,Buffalo Grove
309,Sugar Land
310,Huntsville
311,Lodi
312,Edmonds
313,Duncanville
314,Rocky Mount
315,Pontiac
316,National City
317,Hayward
318,Niagara Falls
319,Sparks
320,Hanford
321,Cypress
322,Decatur
323,Woonsocket
324,Mobile
325,Vallejo
326,Arcadia
327,Collierville
328,Jefferson City
329,Longview
330,Chandler
331,Arvada
332,Alhambra
333,Kokomo
334,Oakland Park
335,Indianapolis
336,Boynton Beach
337,Apache Junction
338,Mount Prospect
339,Cranston
340,Lafayette
341,Olathe
342,Johns Creek
343,Greensboro
344,Kalamazoo
345,Tigard
346,Jacksonville
347,Citrus Heights
348,Tuscaloosa
349,Ankeny
350,Hawthorne
351,Hoover
352,Youngstown
353,Madison
354,Redlands
355,Cape Girardeau
356,Nampa
357,Washington
358,Wheaton
359,Lancaster
360,Rialto
361,Fargo
362,Peoria
363,Omaha
364,Rancho Santa Margarita
365,Manhattan
366,Palm Springs
367,San Diego
368,Santa Rosa
369,Lowell
370,Broken Arrow
371,Kent
372,Nashville
373,Hackensack
374,Broomfield
375,Durham
376,Wichita
377,Cathedral City
378,Lakeville
379,Elmhurst
380,Weslaco
381,Greenfield
382,Sunnyvale
383,Santa Cruz
384,Kenosha
385,State College
386,Mansfield
387,Quincy
388,Pompano Beach
389,San Angelo
390,Bloomington
391,Tracy
392,Spartanburg
393,Nashua
394,Macon
395,Hempstead
396,Camden
397,Palm Desert
398,Streamwood
399,Chesapeake
400,Dublin
401,Camarillo
402,Muskegon
403,Elizabeth
404,Anchorage
405,Minot
406,Davie
407,McAllen
408,McKinney
409,Killeen
410,Findlay
411,Oakland
412,Mountain View
413,Lake Elsinore
414,Amarillo
415,Provo
416,Atlanta
417,Monterey Park
418,Strongsville
419,Madera
420,Newport Beach
421,Riverton
422,Yakima
423,Dayton
424,Gulfport
425,Long Beach
426,Chico
427,Hattiesburg
428,Eugene
429,Colton
430,Montebello
431,Pleasanton
432,Everett
433,Hutchinson
434,Fairfield
435,Avondale
436,Euclid
437,Battle Creek
438,Bloomington
439,Rock Island
440,Beaverton
441,Kenner
442,Clovis
443,Troy
444,Milpitas
445,Des Plaines
446,Placentia
447,Taunton
448,Montclair
449,Johnson City
450,Savannah
451,Warren
452,Vancouver
453,Sunrise
454,Muncie
455,Lehi
456,San Francisco
457,Fontana
458,Frisco
459,Chino Hills
460,Poway
461,Huber Heights
462,New Brunswick
463,Norfolk
464,Hillsboro
465,San Jacinto
466,Pensacola
467,Hamilton
468,Florence
469,San Bernardino
470,Peachtree Corners
471,Victorville
472,Gary
473,Casa Grande
474,Morgan Hill
475,Dubuque
476,Syracuse
477,Clarksville
478,Lakeland
479,Valley Stream
480,Dover
481,Moorhead
482,Culver City
483,Palatine
484,Seattle
485,Covington
486,Elk Grove
487,Shreveport
488,Ogden
489,Harrisonburg
490,Inglewood
491,Pasadena
492,Lawrence
493,Lake Oswego
494,Petaluma
495,Springfield
496,Folsom
497,Prescott Valley
498,Las Cruces
499,Bozeman
500,Schaumburg
501,Warren
502,St. Peters
503,Ames
504,Surprise
505,Richardson
506,Midland
507,San Marcos
508,Wilkes-Barre
509,Appleton
510,Shawnee
511,Mentor
512,Livermore
513,Charlotte
514,Owensboro
515,Jupiter
516,Rohnert Park
517,Chicago
518,Billings
519,Wauwatosa
520,Lombard
521,New Haven
522,York
523,Knoxville
524,Elyria
525,Barnstable Town
526,Murray
527,Alameda
528,Manteca
529,Maplewood
530,Medford
531,Murfreesboro
532,Yuba City
533,Shelton
534,Cedar Falls
535,Germantown
536,Scranton
537,Auburn
538,Manassas
539,Vacaville
540,Santa Monica
541,Suffolk
542,Rochester Hills
543,La Quinta
544,Charleston
545,Delano
546,St. Cloud
547,Charleston
548,Kannapolis
549,Corona
550,Rocklin
551,Lee's Summit
552,Palm Coast
553,Sandy
554,Bentonville
555,Santa Clarita
556,Altamonte Springs
557,New Braunfels
558,Memphis
559,Irving
560,Alexandria
561,Hesperia
562,Holyoke
563,Dunwoody
564,Skokie
565,Kearny
566,Bethlehem
567,Goose Creek
568,Little Rock
569,Santa Ana
570,White Plains
571,Idaho Falls
572,Bellevue
573,Roseville
574,Perth Amboy
575,Peabody
576,Grand Island
577,Columbia
578,Racine
579,Carmel
580,Portage
581,Middletown
582,Woodland
583,Revere
584,Euless
585,Arlington Heights
586,Hemet
587,High Point
588,Newark
589,Midwest City
590,San Marcos
591,Port Orange
592,Lakewood
593,Westerville
594,Rockford
595,El Cajon
596,St. Petersburg
597,Downers Grove
598,Milford
599,Albany
600,Las Vegas
601,Pasadena
602,Port St. Lucie
603,Cedar Rapids
604,Ormond Beach
605,Quincy
606,St. Joseph
607,Redondo Beach
608,Houston
609,Temecula
610,Ann Arbor
611,Beaumont
612,East Lansing
613,Santee
614,Tamarac
615,Bellevue
616,Pembroke Pines
617,Springdale
618,Oxnard
619,Odessa
620,Stillwater
621,Brockton
622,Bayonne
623,Paramount
624,Moline
625,Meridian
626,Cleveland
627,Jersey City
628,St. Paul
629,Deltona
630,Freeport
631,Iowa City
632,Anaheim
633,Apple Valley
634,Great Falls
635,West Valley City
636,Hampton
637,Georgetown
638,Orem
639,Monrovia
640,Keller
641,South San Francisco
642,Plymouth
643,South Bend
644,Edmond
645,Des Moines
646,Bonita Springs
647,Draper
648,Whittier
649,Livonia
650,Milwaukee
651,Auburn
652,Sumter
653,Beverly
654,Renton
655,Centennial
656,Richmond
657,Anderson
658,Beaumont
659,Pflugerville
660,Hoboken
661,Lexington-Fayette
662,Norwalk
663,Yuma
664,Highland
665,Carol Stream
666,Joliet
667,Rock Hill
668,Rancho Cordova
669,Dearborn Heights
670,Honolulu
671,Victoria
672,Attleboro
673,Wylie
674,Carrollton
675,Plainfield
676,Hoffman Estates
677,Methuen
678,North Port
679,Rockville
680,Burbank
681,Fullerton
682,Oshkosh
683,Huntsville
684,Farmington Hills
685,Pico Rivera
686,Cerritos
687,La Puente
688,Grand Junction
689,Enid
690,San Jose
691,Round Rock
692,Maple Grove
693,Norman
694,Homestead
695,Friendswood
696,Irvine
697,Pocatello
698,Pacifica
699,Sheboygan
700,Bossier City
701,Cedar Park
702,Sandy Springs
703,Champaign
704,Clifton
705,Moore
706,Blue Springs
707,Lancaster
708,Bryan
709,Hurst
710,Cape Coral
711,Cupertino
712,Pittsfield
713,Gilroy
714,Manchester
715,Virginia Beach
716,Salina
717,Somerville
718,Largo
719,Fresno
720,Phenix City
721,Berwyn
722,Palm Beach Gardens
723,Pawtucket
724,San Gabriel
725,Winston-Salem
726,Alpharetta
727,O'Fallon
728,Redwood City
729,Union City
730,Hallandale Beach
731,Mankato
732,Aliso Viejo
733,Menifee
734,Loveland
735,Carpentersville
736,Providence
737,Hialeah
738,San Ramon
739,Ontario
740,Kirkland
741,St. George
742,Hilton Head Island
743,Glendale
744,Meriden
745,Gardena
746,Westfield
747,Elgin
748,Plano
749,Longmont
750,Coppell
751,Lakewood
752,Jonesboro
753,College Station
754,Dearborn
755,Utica
756,Monroe
757,Baltimore
758,Springfield
759,Pine Bluff
760,Plainfield
761,Lynn
762,Woodbury
763,Gainesville
764,West Sacramento
765,Sammamish
766,Aventura
767,Fayetteville
768,San Rafael
769,Conway
770,Tacoma
771,Middletown
772,Burlington
773,Twin Falls
774,Sherman
775,New York
776,Simi Valley
777,West Covina
778,Castle Rock
779,Valdosta
780,Fort Worth
781,Carson
782,Evansville
783,Santa Maria
784,Brentwood
785,La Mesa
786,Westminster
787,Reading
788,Turlock
789,Greeley
790,Tyler
791,Winter Garden
792,Waco
793,Martinez
794,Thousand Oaks
795,Azusa
796,Bridgeport
797,St. Louis Park
798,Chesterfield
799,Greenacres
800,Pasco
801,Torrance
802,Madison
803,Janesville
804,Waukegan
805,Bowling Green
806,Arlington
807,Lewisville
808,Farmington
809,Oakley
810,Palo Alto
811,Springfield
812,New Bedford
813,Redmond
814,Brentwood
815,Davis
816,La Mirada
817,Smyrna
818,Altoona
819,Dothan
820,East Orange
821,Tinley Park
822,Biloxi
823,Urbana
824,Garden Grove
825,Lynwood
826,Northglenn
827,Canton
828,Brookhaven
829,Baton Rouge
830,Bristol
831,Independence
832,Lansing
833,Orland Park
834,Vineland
835,Green Bay
836,Evanston
837,Ocoee
838,Los Angeles
839,Federal Way
840,West Jordan
841,Yucaipa
842,Pittsburgh
843,Downey
844,Cicero
845,South Gate
846,Panama City
847,Joplin
848,League City
849,Salt Lake City
850,Fort Pierce
851,Phoenix
852,Corvallis
853,Cedar Hill
854,Chicopee
855,Ocala
856,Roswell
857,Park Ridge
858,Concord
859,Olympia
860,Huntington Beach
861,Corpus Christi
862,Haverhill
863,Hanover Park
864,Cambridge
865,Glendale
866,Stanton
867,Summerville
868,Davenport
869,Boca Raton
870,New Britain
871,Roseville
872,Cleveland Heights
873,Gresham
874,Lauderhill
875,Hendersonville
876,Santa Clara
877,Oceanside
878,Lake Forest
879,Novi
880,West New York
881,Everett
882,Linden
883,Asheville
884,Compton
885,Delray Beach
886,Wellington
887,Bullhead City
888,Weston
889,Troy
890,New Rochelle
891,Stockton
892,Royal Oak
893,Titusville
894,Laguna Niguel
895,Spokane Valley
896,Costa Mesa
897,Grand Prairie
898,Portsmouth
899,Lacey
900,Apex
901,Sioux City
902,Encinitas
903,Spanish Fork
904,Huntington Park
905,Eden Prairie
906,Peoria
907,Tempe
908,Wilmington
909,Taylorsville
910,Westland
911,Mesquite
912,Burlington
913,Garland
914,Richmond
915,Bismarck
916,Carson City
917,Muskogee
918,Augusta-Richmond County
919,Fayetteville
920,Albany
921,Sayreville
922,Newark
923,Diamond Bar
924,Decatur
925,Chattanooga
926,Jeffersonville
927,Bartlett
928,Baldwin Park
929,Miami Beach
930,Jackson
931,Port Arthur
932,San Luis Obispo
933,Burleson
934,Miramar
935,El Paso
936,Topeka
937,Rosemead
938,Keizer
939,Minnetonka
940,Akron
941,Edinburg
942,Rancho Cucamonga
943,North Charleston
944,Louisville
945,Watsonville
946,Coconut Creek
947,Bradenton
948,Carlsbad
949,Texas City
950,Redding
951,Wyoming
952,Lorain
953,Roy
954,Fort Lauderdale
955,Warner Robins
956,Clearwater
957,Cutler Bay
958,Florence
959,Terre Haute
960,Temple
961,Beavercreek
962,Sioux Falls
963,Columbus
964,Margate
965,Leominster
966,Warwick
967,Bakersfield
968,Miami
969,Lake Charles
970,Richland
971,Hickory
972,Lynchburg
973,Bowie
974,Danbury
975,Charlottesville
976,Coral Gables
977,Coeur d'Alene
978,El Monte
979,Crystal Lake
980,Danville
981,Goodyear
982,Paterson
983,Salem
984,Kissimmee
985,Saginaw
986,Brownsville
987,Flower Mound
988,Grapevine
989,Edina
990,Detroit
991,Fairfield
992,Mansfield
993,Rochester
994,Birmingham
995,Austin
996,Santa Barbara
997,Addison
998,Rio Rancho
999,Normal
1000,Romeoville
